Latitude,Longitude,CrimeType,CrimeFrequency,CrimeSeverity,StreetLighting,PedestrianTraffic,CCTVPresence,PoliceProximity,PublicTransportProximity,SidewalkCondition
13.043563,80.108901,Burglary,7,1,Good,High,No,156,536,Fair
13.096083,80.113353,Vandalism,9,3,Good,High,Yes,938,876,Good
13.006901,80.043162,Vandalism,4,9,Poor,Medium,No,250,929,Fair
13.131734,80.028198,Vandalism,6,6,Fair,Medium,No,1210,893,Poor
13.064228,80.072406,Assault,8,6,Poor,High,No,1364,341,Good
13.0561,80.180435,Burglary,10,9,Fair,High,No,1122,762,Fair
13.152251,80.070562,Assault,7,2,Fair,Medium,Yes,538,536,Poor
13.053763,80.008517,Burglary,9,2,Fair,High,No,243,991,Fair
13.135814,80.213577,Assault,6,5,Good,Low,Yes,307,127,Good
13.012464,80.00875,Vandalism,6,6,Poor,Medium,No,1064,55,Poor
13.198518,80.09223,Theft,6,9,Poor,Medium,Yes,1199,242,Poor
13.151806,80.060811,Vandalism,5,4,Poor,Low,No,1073,154,Good
13.180161,80.249922,Assault,4,10,Good,Medium,Yes,1714,333,Good
13.16117,80.17966,Vandalism,8,2,Fair,Low,No,1275,923,Good
13.102598,80.189981,Assault,9,7,Poor,Low,Yes,605,495,Good
13.1885,80.280934,Assault,10,7,Poor,High,Yes,1169,325,Good
13.159865,80.199455,Burglary,8,10,Fair,High,Yes,1081,602,Good
13.173606,80.142955,Vandalism,4,7,Fair,Low,No,178,421,Poor
13.133211,80.089316,Theft,9,2,Poor,Medium,Yes,623,808,Fair
13.089014,80.268046,Theft,10,6,Good,Medium,No,1063,387,Poor
13.092108,80.201956,Vandalism,10,8,Fair,Low,Yes,857,380,Poor
13.130547,80.078977,Burglary,8,1,Poor,Medium,Yes,246,486,Fair
13.140449,80.133802,Theft,2,10,Good,Medium,Yes,1963,186,Fair
13.10107,80.106829,Assault,7,8,Poor,High,Yes,210,725,Poor
13.047105,80.028069,Theft,6,1,Fair,Medium,Yes,1905,590,Good
13.03125,80.001857,Theft,2,10,Good,Low,No,866,405,Good
13.159557,80.239935,Assault,6,7,Good,High,No,1288,549,Poor
13.05292,80.130925,Burglary,6,6,Poor,Low,Yes,1126,618,Fair
13.024467,80.098819,Burglary,6,6,Good,High,Yes,388,476,Poor
13.157502,80.184011,Burglary,7,2,Poor,Medium,Yes,121,450,Poor
13.06352,80.092079,Vandalism,1,7,Good,Medium,Yes,1174,158,Fair
13.061368,80.11459,Vandalism,8,6,Good,Low,No,400,255,Good
13.189458,80.045367,Theft,9,1,Good,Low,Yes,1612,742,Fair
13.052603,80.146641,Assault,7,3,Good,High,No,807,479,Fair
13.114191,80.161961,Vandalism,3,2,Fair,High,No,982,732,Poor
13.164236,80.194389,Burglary,4,7,Poor,Medium,No,1591,367,Good
13.133043,80.077645,Assault,9,6,Good,Medium,Yes,1394,319,Poor
13.157968,80.199781,Burglary,4,6,Fair,Low,Yes,1192,705,Good
13.061441,80.241591,Vandalism,7,2,Fair,High,Yes,1047,669,Good
13.10725,80.039996,Vandalism,4,5,Fair,High,Yes,626,483,Fair
13.030422,80.201748,Vandalism,2,4,Good,Medium,No,1657,304,Fair
13.051829,80.289019,Assault,6,8,Poor,Medium,Yes,1337,835,Poor
13.076391,80.093382,Burglary,3,8,Good,High,Yes,817,590,Fair
13.12604,80.294589,Theft,9,10,Poor,High,Yes,1940,668,Good
13.046571,80.20054,Theft,7,4,Poor,High,No,1831,150,Poor
13.008944,80.124963,Theft,10,10,Fair,High,Yes,499,210,Good
13.151954,80.142701,Assault,4,10,Fair,High,Yes,1594,404,Fair
13.040446,80.166536,Assault,10,9,Poor,High,No,1714,620,Fair
13.045265,80.036987,Assault,10,7,Fair,Low,Yes,1258,302,Fair
13.068579,80.186467,Burglary,3,6,Good,Medium,No,262,907,Fair
13.164161,80.150117,Assault,3,3,Fair,Low,No,749,913,Good
13.136486,80.273841,Burglary,10,1,Fair,Medium,No,1623,982,Fair
13.184118,80.217826,Vandalism,9,8,Fair,High,Yes,1967,530,Fair
13.151937,80.148094,Assault,2,9,Poor,Low,Yes,528,340,Poor
13.019176,80.215419,Assault,2,2,Poor,High,Yes,1413,909,Poor
13.198728,80.025532,Assault,1,10,Good,High,No,1990,60,Good
13.146549,80.155347,Burglary,2,3,Good,Low,Yes,1505,163,Fair
13.02934,80.136277,Theft,3,4,Poor,High,Yes,1651,838,Poor
13.094396,80.016194,Assault,10,10,Good,High,Yes,513,549,Poor
13.134851,80.158629,Theft,5,10,Fair,Medium,No,332,597,Fair
13.112211,80.195416,Burglary,8,8,Good,Low,No,1259,551,Good
13.048366,80.089782,Theft,8,10,Poor,Medium,No,211,130,Fair
13.111273,80.239177,Vandalism,1,5,Fair,Medium,Yes,215,728,Fair
13.155741,80.261887,Burglary,1,6,Fair,Low,No,1060,746,Poor
13.048679,80.106401,Burglary,10,10,Good,Medium,No,1358,397,Poor
13.012767,80.024038,Vandalism,5,3,Good,Low,No,1202,262,Good
13.012929,80.193632,Vandalism,2,5,Good,Low,Yes,792,146,Good
13.078507,80.08239,Burglary,3,3,Good,Medium,Yes,1644,308,Fair
13.159045,80.077792,Burglary,8,2,Poor,High,Yes,1088,526,Fair
13.155905,80.01922,Theft,7,4,Good,High,No,705,998,Good
13.097321,80.044394,Vandalism,10,7,Good,High,Yes,747,683,Good
13.097821,80.137954,Burglary,4,10,Fair,Medium,No,134,933,Fair
13.016443,80.28586,Vandalism,4,1,Good,Medium,Yes,1152,90,Fair
13.028866,80.042827,Assault,8,3,Fair,Medium,No,786,636,Good
13.048633,80.125355,Assault,2,7,Good,Low,No,293,963,Poor
13.016182,80.26771,Vandalism,10,1,Good,Medium,Yes,517,100,Good
13.131639,80.231625,Burglary,5,6,Fair,Medium,Yes,336,645,Poor
13.000754,80.105322,Theft,8,8,Fair,Medium,Yes,1611,320,Good
13.170364,80.268687,Theft,3,5,Good,Low,No,943,747,Good
13.061761,80.278545,Assault,10,1,Good,High,Yes,1695,173,Poor
13.01737,80.024554,Assault,7,9,Fair,Low,No,413,409,Good
13.153767,80.15401,Theft,5,9,Poor,Low,No,616,218,Poor
13.056442,80.115301,Burglary,2,9,Fair,High,No,1025,744,Poor
13.010902,80.197486,Assault,3,2,Fair,Medium,No,544,788,Fair
13.182909,80.174894,Assault,3,3,Fair,Low,Yes,828,282,Fair
13.033595,80.239378,Assault,10,4,Fair,High,Yes,157,65,Fair
13.092169,80.205539,Burglary,1,6,Poor,High,No,1293,889,Good
13.117659,80.094729,Burglary,3,1,Good,Low,Yes,359,260,Poor
13.024744,80.070192,Vandalism,3,7,Good,Medium,Yes,1273,831,Poor
13.07701,80.06835,Burglary,4,8,Poor,Low,No,115,406,Good
13.165695,80.123648,Burglary,7,1,Fair,High,Yes,1913,589,Good
13.193968,80.08017,Vandalism,3,6,Fair,Medium,No,1403,218,Poor
13.042743,80.173276,Vandalism,5,3,Poor,Medium,Yes,335,747,Good
13.020383,80.128924,Theft,6,8,Poor,Medium,No,996,61,Poor
13.029651,80.257554,Theft,2,4,Poor,High,Yes,351,634,Poor
13.140743,80.011185,Assault,7,6,Poor,Low,No,1448,970,Fair
13.069598,80.06539,Burglary,2,8,Fair,High,Yes,1791,643,Poor
13.16476,80.107975,Vandalism,2,3,Fair,Medium,No,908,398,Good
13.062704,80.161632,Burglary,6,4,Good,High,Yes,1888,871,Fair
13.039381,80.106306,Vandalism,8,6,Poor,Medium,No,455,912,Fair
13.167325,80.122384,Assault,9,8,Poor,Low,No,1832,396,Fair
13.178574,80.149271,Vandalism,2,8,Poor,High,Yes,156,697,Poor
13.055428,80.043925,Theft,4,7,Poor,Medium,No,1396,654,Fair
13.035572,80.148927,Assault,2,5,Fair,Medium,Yes,616,172,Poor
13.015432,80.230132,Burglary,3,1,Poor,Medium,No,314,603,Poor
13.062945,80.130654,Vandalism,3,1,Fair,High,Yes,638,650,Good
13.003181,80.159909,Vandalism,9,3,Poor,High,No,1891,846,Poor
13.010504,80.110873,Vandalism,8,9,Poor,Low,No,1207,627,Fair
13.056222,80.232497,Theft,2,10,Fair,Medium,No,1720,579,Good
13.102941,80.026472,Burglary,2,5,Poor,Medium,No,455,364,Fair
13.1437,80.195438,Assault,7,3,Good,Medium,Yes,1243,928,Poor
13.170217,80.171281,Theft,10,8,Fair,Medium,Yes,733,604,Fair
13.008497,80.019227,Assault,5,10,Fair,High,Yes,1019,923,Poor
13.101729,80.119645,Vandalism,1,6,Good,High,No,1176,514,Poor
13.0009,80.271667,Vandalism,2,2,Good,High,No,618,593,Good
13.017623,80.220998,Vandalism,1,3,Poor,Medium,No,1315,552,Good
13.113087,80.114926,Vandalism,5,1,Good,Low,Yes,720,534,Poor
13.000314,80.128974,Assault,5,5,Fair,High,Yes,1819,411,Good
13.038881,80.099238,Burglary,6,4,Fair,Low,Yes,998,586,Poor
13.078164,80.100851,Burglary,7,4,Good,High,Yes,823,513,Poor
13.053948,80.274267,Burglary,3,2,Good,Low,Yes,877,785,Fair
13.108907,80.238005,Assault,7,6,Poor,High,Yes,409,599,Fair
13.170648,80.21848,Burglary,6,7,Fair,High,Yes,1606,912,Good
13.05125,80.010475,Vandalism,6,5,Poor,Low,No,1216,700,Good
13.165137,80.061589,Assault,9,3,Fair,Low,No,491,193,Good
13.187478,80.251,Assault,6,4,Fair,Low,No,579,544,Fair
13.09672,80.102917,Assault,6,7,Poor,Low,Yes,483,174,Poor
13.067583,80.242608,Vandalism,2,8,Good,Low,No,380,916,Good
13.007967,80.093481,Theft,6,6,Fair,High,Yes,1962,95,Good
13.036789,80.294638,Theft,1,8,Fair,Medium,No,771,909,Fair
13.182122,80.159865,Burglary,5,1,Fair,Medium,No,1526,93,Fair
13.075792,80.261293,Theft,10,6,Poor,Medium,Yes,1499,147,Good
13.141447,80.215423,Vandalism,7,6,Good,Low,Yes,980,942,Poor
13.068254,80.192521,Assault,2,5,Fair,High,Yes,1645,398,Good
13.065812,80.096807,Assault,10,6,Fair,High,Yes,723,968,Fair
13.091221,80.213071,Theft,2,3,Fair,Low,Yes,1614,218,Poor
13.062262,80.210663,Burglary,5,4,Poor,Medium,No,370,915,Fair
13.104932,80.187756,Burglary,1,9,Poor,High,Yes,1647,879,Fair
13.002562,80.050377,Assault,1,3,Poor,Medium,Yes,139,614,Fair
13.022404,80.02703,Burglary,2,2,Good,High,Yes,729,434,Good
13.192749,80.085677,Burglary,9,2,Fair,Medium,Yes,472,659,Good
13.18634,80.235463,Assault,8,1,Poor,Medium,No,264,699,Good
13.060914,80.284681,Burglary,3,10,Poor,High,Yes,601,901,Poor
13.187868,80.120565,Assault,6,7,Poor,Low,No,1154,304,Poor
13.08222,80.275631,Burglary,7,5,Poor,High,Yes,1570,997,Fair
13.076498,80.067875,Assault,5,3,Good,Low,Yes,834,499,Fair
13.090482,80.07519,Burglary,6,7,Good,Medium,No,1198,656,Fair
13.059133,80.122852,Assault,5,1,Poor,High,Yes,686,503,Poor
13.107977,80.068691,Theft,1,10,Fair,Low,No,909,938,Poor
13.14919,80.209107,Burglary,1,10,Good,Low,Yes,1606,90,Good
13.064564,80.225833,Vandalism,10,5,Fair,Medium,No,1375,749,Poor
13.043554,80.097055,Assault,2,9,Fair,High,No,101,212,Poor
13.004651,80.119033,Theft,10,7,Poor,Medium,No,477,65,Poor
13.044929,80.089595,Assault,8,3,Poor,High,Yes,1428,776,Good
13.005978,80.161682,Vandalism,6,5,Poor,Low,Yes,1403,210,Good
13.098287,80.058774,Burglary,2,7,Fair,High,Yes,1576,368,Good
13.011982,80.235409,Theft,10,9,Poor,Low,Yes,1036,833,Poor
13.037553,80.210821,Vandalism,2,1,Poor,High,No,1882,896,Poor
13.0561,80.065518,Theft,6,3,Fair,Medium,No,214,949,Good
13.058917,80.26984,Vandalism,10,9,Fair,Medium,No,570,152,Fair
13.136139,80.087232,Burglary,3,3,Poor,High,Yes,206,943,Good
13.011103,80.05066,Theft,5,6,Good,High,Yes,1422,439,Poor
13.032698,80.016288,Assault,4,7,Fair,Low,No,1635,764,Poor
13.004061,80.138362,Vandalism,10,3,Good,High,No,1419,517,Poor
13.121056,80.110787,Burglary,10,10,Fair,High,No,1890,813,Poor
13.065207,80.196632,Theft,9,2,Fair,Low,Yes,1327,345,Good
13.110887,80.15888,Burglary,10,3,Good,Low,No,1199,271,Poor
13.176252,80.085194,Burglary,5,8,Fair,High,No,473,348,Good
13.127972,80.242343,Assault,6,5,Poor,Medium,Yes,659,850,Good
13.00221,80.024786,Theft,7,9,Good,Medium,Yes,525,389,Poor
13.055956,80.161744,Assault,4,6,Fair,Low,Yes,417,988,Fair
13.131314,80.083349,Burglary,5,8,Good,Medium,No,1465,783,Fair
13.119186,80.050334,Vandalism,2,1,Good,Medium,No,1690,367,Good
13.151741,80.205626,Burglary,9,9,Fair,Medium,Yes,722,580,Poor
13.068022,80.026099,Vandalism,7,2,Good,Low,No,1835,648,Fair
13.151117,80.283576,Assault,3,7,Good,High,No,798,864,Fair
13.052175,80.185746,Vandalism,9,1,Good,Low,Yes,869,535,Good
13.023227,80.069317,Vandalism,2,1,Fair,Low,No,1336,556,Fair
13.1579,80.055092,Vandalism,3,10,Fair,Low,Yes,1912,782,Good
13.187365,80.227141,Assault,2,7,Fair,Low,Yes,1635,507,Poor
13.046853,80.10219,Burglary,3,1,Poor,High,Yes,1235,606,Poor
13.134217,80.110802,Vandalism,6,5,Good,Low,No,1167,845,Good
13.131848,80.11111,Vandalism,9,9,Good,Low,Yes,1810,581,Fair
13.121738,80.063824,Vandalism,10,5,Poor,Medium,Yes,1069,589,Good
13.086819,80.044479,Burglary,5,5,Poor,Low,No,1431,827,Fair
13.096103,80.013036,Vandalism,6,6,Poor,High,No,1249,422,Fair
13.153478,80.196121,Burglary,3,6,Poor,High,Yes,381,156,Poor
13.088684,80.274781,Burglary,4,8,Poor,Medium,Yes,1101,567,Fair
13.091993,80.156742,Assault,1,6,Poor,Medium,Yes,978,641,Poor
13.16276,80.13569,Burglary,1,6,Poor,Low,Yes,802,928,Poor
13.007488,80.210237,Theft,5,9,Good,High,Yes,1616,911,Good
13.190501,80.084515,Burglary,4,7,Fair,High,Yes,686,771,Good
13.19423,80.290996,Assault,2,4,Poor,Low,Yes,1006,625,Good
13.156844,80.205482,Theft,8,6,Fair,Medium,Yes,1470,709,Fair
13.066707,80.06143,Burglary,3,1,Fair,Low,Yes,493,696,Good
13.101717,80.187129,Theft,7,10,Fair,High,No,1427,993,Good
13.07138,80.258279,Vandalism,9,5,Good,Medium,No,947,67,Poor
13.085113,80.156661,Theft,3,9,Poor,Low,Yes,1761,669,Good
13.000173,80.02981,Burglary,4,4,Good,Low,Yes,536,587,Good
13.146334,80.083722,Vandalism,1,1,Poor,Medium,Yes,141,244,Good
13.040324,80.248115,Theft,1,5,Good,Medium,Yes,1579,705,Good
13.050758,80.136228,Burglary,10,1,Good,Medium,No,710,163,Poor
13.028585,80.089381,Assault,2,2,Good,Low,No,453,557,Fair
13.094323,80.065676,Vandalism,1,7,Poor,Medium,Yes,429,222,Poor
13.075088,80.065292,Assault,5,2,Fair,Low,No,1861,326,Poor
13.169392,80.218244,Assault,3,9,Good,Low,Yes,1788,708,Good
13.148279,80.156945,Theft,4,1,Good,Medium,Yes,1762,801,Poor
13.187988,80.03406,Vandalism,3,1,Fair,High,Yes,531,560,Good
13.180648,80.167412,Assault,4,9,Poor,Low,No,1916,992,Fair
13.180195,80.219843,Burglary,9,2,Poor,Medium,No,1303,279,Poor
13.075342,80.0631,Vandalism,3,3,Fair,Medium,No,847,417,Good
13.183838,80.027781,Burglary,4,2,Good,High,Yes,1941,797,Fair
13.035139,80.064551,Theft,4,5,Poor,Medium,Yes,711,260,Poor
13.17839,80.270926,Vandalism,3,6,Poor,Low,Yes,207,781,Poor
13.104632,80.285702,Assault,1,8,Good,Medium,No,1240,374,Fair
13.094473,80.059481,Vandalism,3,10,Good,High,No,1121,242,Good
13.12456,80.167932,Vandalism,3,3,Poor,High,No,1443,838,Poor
13.117483,80.184578,Assault,8,1,Poor,Medium,Yes,1573,198,Good
13.048496,80.161048,Theft,6,2,Good,Medium,No,1536,365,Fair
13.10977,80.135405,Assault,4,9,Poor,Low,No,1794,861,Poor
13.118283,80.159504,Theft,2,8,Fair,High,No,1644,450,Poor
13.116122,80.195898,Theft,1,10,Good,Low,Yes,428,633,Poor
13.000586,80.213643,Assault,5,6,Poor,High,Yes,301,465,Fair
13.055085,80.238386,Vandalism,1,9,Fair,Medium,Yes,1608,777,Good
13.011022,80.181415,Theft,10,3,Good,Low,No,398,210,Fair
13.175723,80.176056,Theft,9,3,Poor,High,Yes,796,177,Poor
13.079713,80.164058,Theft,2,6,Poor,Medium,Yes,906,170,Poor
13.124464,80.144797,Theft,9,8,Poor,Low,No,1689,594,Good
13.002964,80.254407,Burglary,2,5,Good,Medium,Yes,1113,455,Good
13.195284,80.189605,Vandalism,9,7,Poor,High,No,1979,396,Good
13.024054,80.26381,Burglary,10,5,Good,High,Yes,886,676,Fair
13.07011,80.099808,Vandalism,1,1,Fair,High,Yes,387,667,Poor
13.193073,80.184364,Vandalism,10,8,Fair,Medium,Yes,1135,446,Good
13.067762,80.044757,Vandalism,3,6,Fair,High,Yes,1028,331,Poor
13.09232,80.282507,Theft,10,7,Good,Medium,No,1318,156,Good
13.102217,80.198318,Assault,9,1,Good,High,Yes,924,636,Good
13.030896,80.093201,Assault,7,5,Fair,Medium,No,1825,614,Good
13.129473,80.226769,Vandalism,9,8,Poor,Low,Yes,1023,922,Good
13.101769,80.194723,Burglary,9,9,Poor,High,Yes,1826,773,Good
13.167371,80.221431,Assault,5,1,Good,High,Yes,149,821,Fair
13.015868,80.21156,Assault,7,9,Fair,High,Yes,1103,89,Good
13.074973,80.093748,Burglary,4,8,Good,Medium,Yes,1951,768,Good
13.182997,80.089264,Burglary,10,8,Poor,High,Yes,1072,164,Poor
13.066911,80.028526,Assault,3,5,Poor,High,No,944,647,Poor
13.053763,80.056654,Vandalism,6,3,Poor,High,No,328,869,Good
13.046899,80.135993,Assault,5,9,Fair,Medium,No,1522,925,Poor
13.033454,80.170004,Theft,5,7,Fair,Low,Yes,1181,565,Good
13.098217,80.287611,Assault,6,1,Good,Low,No,1795,904,Good
13.073727,80.238831,Theft,3,7,Good,Low,No,1571,287,Fair
13.097131,80.067451,Vandalism,1,9,Good,High,Yes,1217,266,Good
13.199846,80.005674,Theft,8,6,Good,Low,Yes,606,342,Good
13.034687,80.097135,Assault,4,9,Good,High,No,582,599,Fair
13.100463,80.05124,Theft,7,6,Good,Low,Yes,1706,652,Fair
13.024947,80.206316,Assault,9,6,Fair,High,No,560,523,Good
13.012533,80.219081,Burglary,8,3,Poor,High,Yes,1676,68,Poor
13.190102,80.264926,Theft,5,3,Poor,Medium,Yes,651,591,Fair
13.042575,80.111077,Vandalism,5,7,Good,Low,Yes,1029,581,Poor
13.068914,80.015171,Burglary,6,5,Good,High,No,238,328,Good
13.130503,80.103258,Vandalism,6,6,Good,High,Yes,773,559,Poor
13.059826,80.022499,Vandalism,1,4,Poor,Medium,No,1195,197,Fair
13.156307,80.261589,Burglary,7,9,Fair,High,No,308,287,Poor
13.123046,80.015138,Burglary,6,6,Poor,Medium,Yes,263,573,Good
13.183138,80.00484,Vandalism,8,1,Good,High,No,361,274,Good
13.03279,80.072161,Theft,6,4,Good,Low,No,350,838,Good
13.130891,80.064965,Assault,8,5,Fair,Medium,No,1445,742,Good
13.195784,80.140096,Vandalism,2,4,Good,Medium,No,1920,558,Poor
13.000482,80.24234,Vandalism,4,9,Poor,High,Yes,142,941,Good
13.014181,80.008625,Vandalism,6,10,Fair,Low,No,1997,534,Fair
13.105235,80.226883,Assault,7,3,Poor,Low,No,1374,595,Fair
13.192101,80.129376,Vandalism,3,8,Fair,Low,No,787,714,Good
13.136627,80.114048,Assault,10,1,Poor,Low,Yes,1043,665,Fair
13.111974,80.232293,Assault,3,4,Good,Low,No,1729,115,Good
13.081613,80.231607,Theft,1,6,Poor,High,No,1918,174,Good
13.086512,80.178617,Theft,2,10,Good,High,Yes,750,653,Good
13.128701,80.283482,Theft,10,10,Good,High,No,778,573,Fair
13.109065,80.271414,Burglary,5,5,Good,High,Yes,1548,328,Good
13.136314,80.061568,Vandalism,2,10,Poor,Low,Yes,1646,201,Poor
13.165217,80.253085,Assault,10,4,Good,High,Yes,253,440,Good
13.026655,80.265937,Assault,4,5,Good,Medium,No,1976,917,Poor
13.13849,80.284933,Theft,6,6,Poor,Medium,Yes,1850,154,Fair
13.011228,80.274867,Theft,3,5,Fair,High,Yes,974,882,Poor
13.0233,80.236503,Theft,7,1,Fair,High,No,687,363,Poor
13.139666,80.178797,Burglary,7,8,Poor,Low,Yes,518,907,Poor
13.009403,80.161525,Vandalism,3,9,Poor,Low,No,590,968,Good
13.038245,80.060416,Vandalism,4,2,Fair,Medium,Yes,1401,345,Good
13.116567,80.13643,Burglary,5,4,Poor,High,No,349,538,Fair
13.194123,80.258366,Vandalism,4,8,Poor,High,Yes,362,336,Poor
13.079973,80.241123,Theft,3,1,Good,High,Yes,721,903,Fair
13.1207,80.072567,Theft,9,5,Poor,Low,Yes,1331,766,Poor
13.125339,80.131005,Theft,7,7,Fair,High,No,1170,259,Poor
13.073316,80.099851,Theft,4,6,Good,High,No,441,105,Fair
13.101877,80.196583,Vandalism,3,3,Good,High,Yes,1670,361,Fair
13.014731,80.180952,Assault,3,6,Poor,Low,No,1015,367,Good
13.006279,80.082256,Burglary,9,3,Good,Low,Yes,1709,160,Fair
13.018708,80.264983,Vandalism,9,5,Good,High,No,620,308,Good
13.012459,80.184858,Theft,4,9,Good,Medium,No,1599,405,Poor
13.174565,80.245089,Assault,8,4,Fair,Low,No,1392,314,Good
13.111097,80.286432,Burglary,2,10,Fair,Low,No,1009,552,Good
13.136105,80.076194,Burglary,1,4,Fair,Low,Yes,1566,789,Good
13.14026,80.069079,Theft,1,1,Poor,Medium,Yes,1419,625,Fair
13.057467,80.06838,Vandalism,7,1,Good,Low,Yes,162,280,Fair
13.06943,80.089552,Assault,10,1,Good,Low,Yes,1694,97,Fair
13.031939,80.247248,Burglary,8,2,Poor,Low,Yes,1487,701,Good
13.008836,80.286713,Vandalism,8,1,Poor,Low,Yes,1423,578,Good
13.183365,80.182549,Burglary,3,3,Fair,Medium,Yes,1586,765,Good
13.015565,80.139525,Theft,6,2,Good,Low,Yes,1316,642,Fair
13.030043,80.068243,Burglary,4,3,Fair,High,Yes,293,971,Fair
13.014985,80.207246,Theft,5,7,Good,High,Yes,1960,394,Poor
13.142948,80.016729,Vandalism,1,4,Poor,High,Yes,173,962,Good
13.030858,80.049147,Theft,5,6,Poor,Low,No,1098,467,Poor
13.043597,80.092209,Burglary,6,2,Good,Medium,Yes,1064,199,Fair
13.04168,80.294741,Vandalism,7,10,Fair,High,Yes,483,999,Fair
13.130919,80.130995,Theft,7,2,Poor,High,No,1008,484,Good
13.18564,80.10955,Vandalism,8,4,Fair,High,Yes,779,97,Poor
13.00215,80.235896,Theft,1,2,Poor,Low,No,696,505,Good
13.187707,80.035354,Vandalism,7,2,Poor,Low,Yes,1798,572,Poor
13.018033,80.034533,Assault,9,3,Poor,High,Yes,1571,526,Fair
13.17791,80.215991,Vandalism,1,4,Poor,Medium,No,654,376,Poor
13.127394,80.292887,Assault,9,6,Poor,Medium,Yes,1896,928,Poor
13.081526,80.007608,Vandalism,10,3,Good,Medium,No,535,843,Fair
13.163938,80.083222,Vandalism,4,4,Good,Medium,Yes,1839,750,Good
13.17857,80.012971,Burglary,1,10,Good,High,No,1159,64,Good
13.072787,80.119085,Assault,4,8,Good,High,No,770,117,Good
13.014269,80.167726,Theft,5,6,Fair,Medium,Yes,246,215,Good
13.058348,80.118548,Assault,4,6,Good,Low,No,147,463,Poor
13.088112,80.215538,Vandalism,1,1,Good,High,Yes,400,287,Fair
13.012141,80.236616,Vandalism,1,6,Good,Medium,No,1760,612,Fair
13.116652,80.033169,Theft,7,3,Good,Low,No,657,87,Fair
13.012017,80.046448,Burglary,6,3,Poor,High,No,1359,973,Fair
13.194047,80.279761,Vandalism,2,6,Poor,Low,No,759,109,Fair
13.139071,80.154825,Vandalism,7,4,Poor,Low,No,1753,464,Good
13.1743,80.133579,Assault,6,2,Fair,Medium,Yes,960,816,Good
13.147671,80.170372,Theft,5,8,Good,Low,Yes,1353,884,Good
13.049597,80.036847,Vandalism,10,1,Good,Medium,No,377,812,Fair
13.181543,80.071177,Vandalism,1,6,Good,Medium,Yes,106,545,Good
13.169141,80.063141,Vandalism,7,4,Good,High,Yes,1294,928,Good
13.150087,80.16392,Vandalism,5,8,Fair,Low,No,305,271,Poor
13.132428,80.037959,Vandalism,8,9,Poor,Medium,No,924,319,Good
13.141269,80.182591,Vandalism,9,2,Good,Low,Yes,1000,159,Good
13.068541,80.126517,Assault,3,10,Fair,Medium,Yes,519,688,Good
13.085819,80.27226,Vandalism,5,3,Poor,High,No,1369,953,Good
13.177444,80.197161,Burglary,8,2,Fair,High,No,196,765,Good
13.103236,80.01138,Theft,10,1,Fair,Medium,No,1772,991,Fair
13.133474,80.242437,Theft,7,5,Good,Low,Yes,1385,120,Fair
13.086198,80.283885,Theft,9,7,Fair,High,Yes,1786,782,Good
13.115157,80.152015,Burglary,1,6,Fair,High,No,638,567,Fair
13.151908,80.102276,Theft,3,1,Good,Low,No,143,676,Fair
13.028745,80.112199,Assault,8,5,Good,Medium,No,1642,929,Fair
13.089908,80.056067,Theft,10,9,Good,High,Yes,235,350,Fair
13.053586,80.203997,Assault,8,3,Good,Low,Yes,1707,244,Poor
13.101104,80.291384,Assault,3,2,Good,Low,Yes,928,667,Poor
13.033803,80.182692,Vandalism,9,1,Poor,High,Yes,612,658,Fair
13.115297,80.254163,Vandalism,4,5,Good,Medium,No,1836,546,Poor
13.092096,80.003463,Assault,6,2,Poor,Medium,Yes,1458,851,Good
13.128004,80.190054,Vandalism,7,3,Good,High,No,1635,150,Poor
13.13719,80.010699,Burglary,7,5,Fair,Low,Yes,491,331,Fair
13.078301,80.211837,Vandalism,5,6,Fair,High,No,604,576,Poor
13.112897,80.059102,Assault,6,7,Good,High,No,324,906,Poor
13.038741,80.28807,Theft,10,1,Poor,High,Yes,1391,457,Poor
13.184764,80.126437,Burglary,9,1,Good,Medium,No,207,416,Good
13.055982,80.037152,Assault,6,5,Fair,High,Yes,1209,225,Fair
13.066542,80.281489,Assault,9,8,Fair,High,Yes,1578,345,Good
13.031841,80.060091,Theft,3,10,Poor,Medium,No,1464,183,Good
13.110062,80.008821,Vandalism,8,5,Poor,Low,Yes,819,125,Poor
13.176838,80.083032,Theft,3,8,Fair,Medium,Yes,1171,322,Good
13.066296,80.073598,Burglary,9,2,Fair,Low,Yes,1927,272,Good
13.004836,80.194444,Assault,2,1,Poor,Low,Yes,1446,771,Good
13.153234,80.008279,Vandalism,10,7,Fair,High,Yes,608,683,Poor
13.001166,80.003078,Theft,6,8,Poor,Medium,Yes,776,699,Good
13.190608,80.203609,Vandalism,7,4,Good,High,Yes,355,662,Good
13.026624,80.29844,Burglary,5,7,Good,Medium,Yes,286,899,Good
13.074542,80.043419,Assault,4,10,Fair,High,No,1055,910,Fair
13.075916,80.149018,Burglary,2,7,Poor,High,No,1085,129,Fair
13.038405,80.111066,Burglary,8,1,Poor,High,Yes,1954,912,Fair
13.186797,80.03991,Vandalism,10,2,Poor,High,Yes,1247,331,Fair
13.026613,80.022948,Theft,10,4,Good,High,Yes,579,129,Poor
13.030591,80.228592,Burglary,2,6,Fair,Low,No,347,505,Poor
13.158451,80.157812,Assault,3,1,Fair,High,No,1815,76,Good
13.103779,80.123603,Burglary,10,5,Poor,Medium,Yes,665,228,Poor
13.141992,80.092862,Assault,9,8,Poor,Medium,Yes,1837,780,Fair
13.054147,80.018484,Burglary,10,5,Poor,High,Yes,717,949,Good
13.030262,80.2514,Burglary,4,4,Good,Medium,No,1604,235,Poor
13.13122,80.160446,Vandalism,1,7,Poor,Low,No,1287,950,Fair
13.187619,80.207591,Vandalism,8,4,Poor,Low,No,315,624,Fair
13.117464,80.069585,Burglary,8,9,Fair,Low,Yes,1408,702,Good
13.113265,80.19877,Vandalism,2,8,Poor,Low,Yes,314,276,Poor
13.164788,80.013072,Theft,8,8,Fair,Low,Yes,651,196,Good
13.004812,80.297477,Burglary,1,1,Good,Low,No,954,605,Poor
13.01294,80.05388,Theft,7,5,Fair,Medium,No,1695,904,Good
13.05277,80.270037,Theft,6,8,Good,Medium,No,1941,791,Good
13.056489,80.111524,Vandalism,3,7,Fair,Medium,Yes,116,222,Fair
13.122558,80.067252,Vandalism,3,8,Poor,High,No,183,902,Poor
13.15134,80.109766,Assault,4,7,Fair,Low,No,1456,221,Poor
13.150511,80.047657,Theft,4,3,Fair,High,No,1036,277,Good
13.079361,80.272356,Vandalism,5,5,Fair,Medium,Yes,422,462,Good
13.103475,80.089558,Burglary,5,5,Poor,High,Yes,1934,641,Fair
13.133617,80.006027,Assault,8,5,Good,High,Yes,426,619,Good
13.114932,80.185532,Assault,6,10,Poor,Low,Yes,548,151,Fair
13.159453,80.017362,Burglary,7,5,Poor,High,No,1279,97,Good
13.0189,80.208473,Burglary,1,2,Poor,Medium,Yes,1887,132,Fair
13.122822,80.016366,Burglary,6,9,Good,Low,Yes,1087,774,Good
13.180724,80.09625,Burglary,3,6,Fair,Medium,Yes,1041,657,Fair
13.148944,80.063175,Burglary,6,4,Good,Medium,No,653,486,Good
13.152971,80.239268,Burglary,8,7,Fair,High,No,1161,810,Poor
13.036574,80.024772,Burglary,7,8,Poor,Low,No,410,104,Fair
13.102758,80.109322,Burglary,10,6,Poor,Low,Yes,1045,541,Poor
13.000546,80.106803,Theft,2,8,Fair,High,Yes,1830,641,Fair
13.165605,80.190747,Assault,1,6,Poor,Low,Yes,1937,431,Poor
13.133229,80.142318,Vandalism,4,5,Fair,High,No,1289,718,Fair
13.016889,80.0054,Burglary,8,2,Fair,Medium,No,1545,689,Good
13.114009,80.034479,Vandalism,10,1,Good,Medium,No,693,369,Poor
13.023977,80.085971,Vandalism,5,1,Fair,Medium,Yes,588,506,Good
13.136026,80.163462,Theft,8,4,Poor,Low,Yes,839,972,Good
13.037012,80.083007,Assault,9,10,Good,Medium,No,107,576,Fair
13.14169,80.160143,Vandalism,5,5,Poor,Medium,Yes,1530,975,Poor
13.134474,80.250205,Theft,8,6,Poor,Low,No,235,484,Poor
13.108549,80.249373,Vandalism,6,4,Fair,Medium,Yes,623,859,Fair
13.13636,80.191032,Assault,4,5,Fair,High,No,169,372,Poor
13.066119,80.289464,Theft,2,4,Fair,Low,Yes,1509,311,Good
13.097172,80.059238,Theft,9,4,Poor,Medium,No,1083,116,Fair
13.069027,80.066412,Assault,1,8,Fair,Medium,Yes,125,64,Fair
13.155347,80.071762,Theft,7,5,Good,Low,Yes,1327,868,Good
13.041746,80.264012,Burglary,10,7,Good,High,No,1299,811,Poor
13.146321,80.089543,Vandalism,4,1,Poor,Low,Yes,421,622,Poor
13.058258,80.272058,Burglary,2,9,Good,Low,Yes,1458,849,Fair
13.052819,80.268654,Vandalism,1,8,Fair,Low,No,258,251,Fair
13.089246,80.129237,Theft,8,2,Poor,High,No,660,592,Good
13.145583,80.048506,Assault,4,7,Poor,High,Yes,245,177,Fair
13.128846,80.296359,Assault,2,2,Fair,High,Yes,1649,196,Fair
13.065064,80.265989,Theft,1,3,Fair,Low,Yes,275,495,Fair
13.049649,80.060624,Vandalism,1,9,Poor,Medium,Yes,1213,413,Poor
13.131193,80.260876,Vandalism,1,8,Good,Medium,Yes,1350,759,Poor
13.087987,80.162314,Burglary,5,8,Poor,Medium,No,557,972,Fair
13.140944,80.289589,Assault,7,10,Good,High,Yes,1194,294,Fair
13.044936,80.250424,Vandalism,5,5,Poor,High,Yes,1044,759,Poor
13.166028,80.094462,Assault,8,3,Good,High,Yes,1161,707,Fair
13.061829,80.057581,Theft,3,10,Good,Medium,Yes,975,263,Fair
13.087503,80.271348,Assault,9,3,Good,Low,Yes,1210,609,Fair
13.172926,80.099938,Burglary,4,5,Fair,Medium,No,1682,973,Poor
13.154917,80.060197,Assault,9,10,Fair,High,No,780,245,Fair
13.176303,80.053362,Assault,9,7,Poor,Medium,Yes,150,918,Good
13.102575,80.13064,Vandalism,8,9,Poor,Medium,No,754,687,Fair
13.009516,80.179066,Vandalism,9,9,Poor,Medium,Yes,750,130,Good
13.041113,80.176825,Vandalism,9,7,Good,Low,No,1675,462,Fair
13.113248,80.188228,Theft,8,3,Fair,High,Yes,283,727,Fair
13.016158,80.119854,Assault,4,10,Good,High,Yes,1708,802,Poor
13.049535,80.039473,Assault,1,7,Fair,Low,Yes,998,854,Poor
13.126052,80.201129,Assault,2,7,Poor,Low,Yes,1553,306,Good
13.137118,80.101891,Burglary,2,3,Fair,High,No,807,385,Poor
13.186982,80.270432,Vandalism,4,9,Good,Low,Yes,1951,927,Poor
13.100673,80.093217,Assault,2,2,Fair,Medium,No,1622,886,Good
13.069123,80.234141,Theft,3,1,Poor,High,Yes,267,791,Good
13.199317,80.264985,Assault,10,1,Fair,Low,Yes,908,743,Good
13.130658,80.020802,Burglary,7,8,Fair,Low,Yes,1888,876,Poor
13.176755,80.262024,Burglary,9,6,Good,Low,No,194,797,Good
13.096415,80.141052,Vandalism,4,10,Good,High,Yes,1559,957,Good
13.049571,80.13212,Assault,8,9,Poor,Low,No,1043,813,Good
13.152739,80.134046,Theft,10,8,Good,Medium,No,543,922,Poor
13.197716,80.241769,Burglary,4,1,Good,Low,Yes,303,659,Good
13.126315,80.103863,Theft,6,7,Poor,High,Yes,1476,502,Poor
13.046602,80.140535,Theft,5,3,Poor,High,No,1889,722,Poor
13.017015,80.023724,Vandalism,5,8,Fair,Medium,No,214,659,Good
13.085946,80.089249,Burglary,5,7,Good,High,No,952,357,Fair
13.072182,80.186356,Theft,1,1,Poor,High,Yes,1568,516,Good
13.111579,80.001909,Theft,1,2,Good,Low,Yes,231,510,Fair
13.069904,80.052559,Theft,4,1,Fair,Medium,Yes,1455,963,Fair
13.153921,80.202977,Vandalism,3,7,Fair,Medium,No,937,490,Fair
13.161762,80.034999,Theft,2,2,Fair,High,Yes,1102,718,Poor
13.082761,80.197808,Assault,4,1,Good,High,No,1947,834,Good
13.186547,80.088922,Burglary,4,5,Good,Medium,No,428,491,Fair
13.005012,80.201673,Burglary,2,5,Poor,High,No,925,337,Poor
13.111613,80.297602,Assault,1,5,Poor,High,No,1193,727,Poor
13.179694,80.286904,Burglary,6,4,Poor,Low,No,916,781,Fair
13.009136,80.088454,Burglary,8,1,Good,High,Yes,680,625,Fair
13.085737,80.022294,Assault,9,8,Good,Medium,Yes,1582,467,Poor
13.029124,80.26237,Theft,10,3,Fair,Low,Yes,759,404,Poor
13.135871,80.030727,Assault,2,6,Good,Low,Yes,933,238,Poor
13.156256,80.222545,Burglary,9,7,Good,High,No,246,457,Poor
13.17054,80.185473,Theft,10,1,Good,Low,Yes,1714,803,Poor
13.130785,80.247119,Theft,5,8,Poor,High,Yes,1695,528,Fair
13.111058,80.089809,Theft,2,8,Fair,Medium,No,636,424,Good
13.05739,80.014286,Vandalism,10,8,Fair,High,No,814,962,Poor
13.00506,80.224059,Theft,3,1,Fair,High,No,1818,318,Good
13.007571,80.005465,Assault,10,6,Poor,Medium,No,1873,212,Poor
13.117822,80.213841,Vandalism,5,10,Fair,Low,Yes,1422,655,Good
13.001621,80.029778,Burglary,5,1,Fair,Medium,No,1333,145,Fair
13.029693,80.262836,Vandalism,1,3,Poor,Low,No,1617,300,Fair
13.051133,80.04229,Vandalism,8,1,Good,Medium,No,1212,216,Fair
13.052336,80.270327,Theft,7,10,Fair,Low,No,1389,321,Good
13.18675,80.27685,Vandalism,3,5,Poor,High,No,899,605,Poor
13.107942,80.253266,Assault,7,3,Good,Low,Yes,1904,833,Poor
13.142047,80.143327,Assault,7,9,Fair,Medium,Yes,263,489,Good
13.059728,80.049542,Vandalism,10,4,Poor,High,No,261,141,Fair
13.178983,80.279455,Theft,3,10,Good,Medium,No,560,857,Good
13.121949,80.027095,Theft,10,8,Fair,Low,Yes,517,111,Good
13.119444,80.090035,Vandalism,8,8,Fair,Low,Yes,1072,782,Fair
13.123625,80.132607,Burglary,6,10,Poor,High,Yes,273,784,Poor
13.15088,80.016891,Burglary,6,1,Fair,High,Yes,605,989,Poor
13.001612,80.214236,Vandalism,6,6,Poor,Medium,No,1397,325,Fair
13.092197,80.283115,Vandalism,5,7,Fair,Medium,No,704,914,Poor
13.121888,80.031243,Burglary,8,7,Good,High,Yes,719,294,Good
13.162322,80.175451,Assault,2,9,Fair,Low,Yes,1559,659,Fair
13.124217,80.067703,Theft,1,5,Good,Low,No,972,851,Good
13.072524,80.215953,Burglary,6,4,Fair,Medium,No,1540,520,Fair
13.08125,80.036728,Vandalism,4,7,Good,Medium,Yes,1029,243,Good
13.035022,80.153575,Theft,1,2,Good,Low,No,1731,376,Poor
13.118857,80.100757,Burglary,4,3,Good,High,Yes,236,866,Poor
13.134356,80.187461,Assault,6,7,Good,Medium,Yes,410,248,Poor
13.148935,80.12115,Burglary,4,5,Fair,Low,Yes,605,225,Poor
13.062518,80.070278,Burglary,9,10,Good,High,Yes,886,343,Fair
13.131509,80.169456,Theft,2,2,Good,High,Yes,202,177,Poor
13.129411,80.124588,Assault,4,10,Poor,High,No,1022,181,Poor
13.145876,80.05327,Burglary,9,3,Good,Medium,Yes,1332,253,Poor
13.183137,80.068152,Assault,2,4,Good,High,Yes,856,745,Fair
13.063343,80.263229,Assault,5,2,Good,Low,No,556,179,Fair
13.084291,80.101479,Assault,7,10,Good,High,No,538,564,Good
13.086772,80.103821,Assault,10,8,Poor,Low,No,529,133,Good
13.039485,80.287736,Burglary,7,8,Poor,High,No,389,823,Fair
13.098205,80.204369,Burglary,2,1,Fair,Medium,Yes,1812,153,Good
13.02412,80.012515,Assault,7,2,Good,High,Yes,132,222,Good
13.1069,80.112092,Theft,1,5,Poor,Medium,Yes,1388,546,Good
13.005628,80.05413,Assault,10,3,Poor,Medium,Yes,1713,591,Fair
13.014342,80.10806,Vandalism,3,8,Fair,High,No,1912,394,Fair
13.059958,80.057245,Burglary,2,9,Fair,High,Yes,1268,999,Poor
13.181436,80.0202,Vandalism,2,6,Fair,Medium,No,597,346,Poor
13.089765,80.012667,Burglary,2,7,Fair,Low,Yes,410,726,Poor
13.044327,80.225168,Assault,1,10,Good,High,Yes,704,806,Fair
13.045874,80.079003,Theft,1,4,Good,Low,No,588,272,Good
13.136998,80.047702,Assault,5,1,Poor,Low,Yes,960,105,Good
13.069527,80.051905,Assault,3,5,Good,High,Yes,961,239,Good
13.167189,80.232784,Vandalism,8,6,Poor,High,No,1267,660,Good
13.040704,80.221573,Vandalism,3,10,Fair,Medium,Yes,1712,276,Poor
13.145324,80.212738,Burglary,2,5,Poor,Low,Yes,234,608,Fair
13.126878,80.040563,Theft,6,7,Poor,High,Yes,311,147,Poor
13.150855,80.072686,Burglary,7,1,Fair,Medium,Yes,168,154,Fair
13.191977,80.036925,Assault,3,7,Fair,High,Yes,919,816,Fair
13.005331,80.068405,Burglary,8,8,Poor,Low,Yes,1975,408,Poor
13.191179,80.239536,Vandalism,4,2,Poor,Low,No,1336,541,Fair
13.171875,80.031803,Assault,5,8,Fair,Medium,Yes,306,596,Good
13.06878,80.124973,Burglary,1,1,Good,Low,No,1364,251,Good
13.116956,80.038306,Burglary,1,3,Fair,High,Yes,315,771,Fair
13.087815,80.233987,Vandalism,2,8,Poor,Low,Yes,1808,907,Poor
13.143302,80.28454,Assault,9,6,Good,Medium,No,497,763,Poor
13.125304,80.13463,Theft,7,7,Good,Medium,Yes,1004,741,Fair
13.04042,80.240774,Theft,3,8,Poor,High,No,258,973,Poor
13.189302,80.172379,Vandalism,10,5,Poor,High,Yes,1357,548,Good
13.115066,80.050534,Theft,3,3,Poor,Low,Yes,189,358,Good
13.074143,80.296601,Theft,7,6,Fair,Low,Yes,401,233,Fair
13.012037,80.210274,Assault,8,2,Good,High,Yes,537,282,Good
13.071893,80.267983,Theft,8,7,Fair,High,Yes,1198,764,Good
13.049299,80.13706,Theft,9,1,Good,High,Yes,419,85,Fair
13.122653,80.275049,Burglary,6,3,Poor,Medium,Yes,1448,832,Poor
13.14636,80.098364,Theft,10,7,Good,Low,No,1051,501,Good
13.193216,80.119766,Burglary,2,2,Fair,High,Yes,1808,851,Poor
13.068567,80.117023,Vandalism,10,10,Good,Medium,Yes,1604,426,Poor
13.185732,80.287915,Burglary,9,1,Fair,Low,No,1232,810,Poor
13.162991,80.011285,Vandalism,8,7,Poor,High,Yes,1499,79,Good
13.057955,80.238268,Assault,6,6,Fair,High,Yes,506,829,Fair
13.13086,80.26735,Burglary,9,5,Fair,Medium,No,1724,635,Fair
13.116938,80.005156,Theft,6,6,Poor,Medium,Yes,560,481,Good
13.079288,80.028914,Assault,7,5,Good,High,Yes,1659,493,Poor
13.080686,80.033023,Burglary,5,5,Fair,Low,Yes,390,409,Fair
13.134531,80.221522,Assault,8,4,Fair,Medium,Yes,1527,229,Good
13.037398,80.243884,Vandalism,4,7,Fair,High,Yes,786,524,Good
13.178268,80.262776,Assault,1,5,Good,Low,Yes,154,829,Good
13.032083,80.097958,Theft,4,1,Fair,Medium,Yes,894,62,Good
13.060627,80.044633,Vandalism,5,5,Good,Medium,No,1381,811,Fair
13.030452,80.056209,Burglary,6,1,Poor,Low,Yes,567,511,Poor
13.026354,80.001749,Theft,9,2,Poor,High,Yes,788,658,Poor
13.086612,80.287203,Vandalism,8,7,Fair,Low,No,1611,887,Fair
13.00125,80.02294,Assault,2,2,Poor,High,No,345,784,Poor
13.084123,80.144197,Assault,2,3,Fair,Medium,No,372,521,Poor
13.11321,80.286597,Burglary,1,10,Good,Medium,No,205,684,Poor
13.047048,80.006308,Vandalism,5,4,Poor,High,No,1439,281,Fair
13.087581,80.066048,Burglary,2,10,Poor,High,No,1042,494,Poor
13.185143,80.15503,Assault,2,1,Fair,High,No,114,506,Poor
13.076338,80.264826,Theft,6,2,Good,High,Yes,479,441,Good
13.196885,80.293158,Theft,9,4,Fair,High,No,1958,271,Good
13.062354,80.18021,Assault,8,8,Poor,Low,Yes,674,222,Good
13.119725,80.053741,Theft,5,8,Poor,Medium,Yes,322,258,Poor
13.065967,80.073472,Assault,9,7,Good,Medium,No,653,404,Good
13.112557,80.111537,Burglary,6,2,Fair,Medium,No,912,84,Fair
13.025523,80.287063,Assault,2,2,Poor,High,No,255,754,Good
13.124638,80.133317,Assault,1,5,Good,Medium,No,392,786,Fair
13.148948,80.181669,Assault,5,9,Good,Medium,Yes,212,913,Good
13.199228,80.295234,Burglary,10,1,Poor,Medium,Yes,1395,149,Fair
13.07641,80.240195,Assault,2,7,Good,Low,No,1970,75,Good
13.157482,80.206101,Assault,6,2,Poor,Medium,No,1793,54,Good
13.141681,80.057201,Assault,5,10,Good,Medium,Yes,217,957,Fair
13.151962,80.213836,Burglary,8,10,Poor,Low,No,1984,678,Good
13.016461,80.020028,Theft,10,3,Good,High,Yes,382,557,Poor
13.045853,80.248257,Burglary,10,3,Good,Low,Yes,814,314,Poor
13.100931,80.134551,Assault,8,7,Poor,High,No,182,433,Poor
13.05649,80.296853,Assault,8,3,Fair,Medium,No,122,248,Fair
13.106497,80.226562,Burglary,4,4,Fair,Medium,No,1535,892,Good
13.139565,80.068266,Burglary,4,4,Poor,High,No,256,925,Good
13.196031,80.293017,Burglary,1,7,Good,Medium,No,441,253,Fair
13.179846,80.174581,Vandalism,3,3,Good,High,No,1391,353,Poor
13.031918,80.015134,Vandalism,6,2,Good,Medium,Yes,1912,939,Poor
13.197821,80.081936,Assault,6,2,Poor,High,No,1343,748,Poor
13.13041,80.2124,Burglary,6,2,Good,High,Yes,1172,1000,Fair
13.064829,80.125182,Vandalism,8,7,Fair,High,Yes,1883,973,Poor
13.080982,80.213316,Theft,1,3,Poor,Medium,Yes,1817,198,Good
13.171638,80.069056,Burglary,10,1,Poor,High,No,414,682,Poor
13.086809,80.085651,Assault,3,8,Fair,Low,No,1666,573,Poor
13.18563,80.249812,Assault,4,9,Good,Medium,Yes,1836,733,Fair
13.175195,80.034184,Burglary,5,9,Fair,Low,No,1712,333,Poor
13.105758,80.175058,Assault,9,7,Poor,High,No,1520,865,Good
13.099319,80.088806,Vandalism,10,10,Fair,Medium,Yes,180,400,Fair
13.154225,80.06021,Burglary,9,5,Fair,Low,Yes,1688,187,Good
13.15577,80.050565,Assault,7,8,Good,High,Yes,1706,603,Poor
13.086814,80.235273,Assault,3,7,Good,High,Yes,381,602,Good
13.078824,80.228964,Burglary,4,9,Good,High,Yes,566,576,Fair
13.065976,80.049938,Burglary,10,4,Fair,Medium,Yes,641,635,Fair
13.12556,80.267856,Burglary,3,10,Fair,High,Yes,1836,540,Poor
13.007935,80.071561,Assault,6,9,Poor,Low,No,1526,683,Fair
13.106009,80.099141,Theft,6,3,Poor,Medium,No,614,589,Good
13.036045,80.089513,Burglary,1,3,Good,High,No,850,591,Poor
13.033078,80.187593,Vandalism,6,3,Poor,High,No,1071,595,Fair
13.006792,80.110728,Burglary,5,6,Good,Medium,Yes,1295,835,Poor
13.171155,80.106523,Assault,2,2,Poor,Medium,No,897,773,Fair
13.167195,80.06985,Theft,6,3,Good,Low,No,484,563,Good
13.096636,80.083172,Assault,1,1,Good,Medium,No,1512,479,Good
13.000307,80.116518,Theft,10,5,Fair,High,Yes,455,84,Poor
13.088621,80.083021,Burglary,10,6,Good,Medium,Yes,994,657,Fair
13.036256,80.081511,Burglary,8,5,Fair,Low,Yes,1121,389,Good
13.01945,80.244065,Vandalism,6,6,Fair,Low,Yes,194,493,Poor
13.181804,80.212993,Assault,7,1,Fair,High,No,1882,124,Fair
13.080768,80.062179,Vandalism,9,8,Good,High,Yes,1000,929,Fair
13.145706,80.145571,Vandalism,3,4,Poor,Medium,Yes,1145,445,Fair
13.004627,80.007195,Vandalism,6,7,Poor,Low,Yes,664,450,Poor
13.162087,80.164899,Burglary,6,6,Fair,Low,No,575,171,Poor
13.031346,80.134355,Theft,2,6,Poor,High,Yes,1271,339,Poor
13.13991,80.120773,Theft,4,8,Fair,Low,Yes,1911,217,Fair
13.122627,80.215441,Theft,2,5,Poor,High,Yes,1045,609,Good
13.182735,80.08735,Assault,1,5,Poor,High,Yes,1753,264,Poor
13.023439,80.017511,Assault,9,4,Fair,Low,Yes,1147,166,Poor
13.014716,80.131103,Assault,8,3,Fair,Low,No,966,1000,Good
13.166292,80.132768,Assault,10,5,Good,Low,No,1589,200,Fair
13.191412,80.007136,Burglary,2,6,Good,Low,No,1655,861,Fair
13.125845,80.124552,Burglary,5,1,Fair,Low,No,1750,772,Fair
13.035272,80.191616,Vandalism,9,5,Good,High,No,394,380,Good
13.173944,80.242008,Burglary,3,1,Poor,Low,No,1305,714,Fair
13.032867,80.189038,Theft,5,9,Poor,Medium,No,1839,355,Poor
13.006812,80.012932,Assault,9,10,Good,Medium,No,1063,98,Good
13.151756,80.07016,Vandalism,1,5,Poor,High,No,737,800,Poor
13.051236,80.032731,Theft,7,8,Fair,High,No,827,545,Good
13.155857,80.110354,Vandalism,5,1,Poor,High,Yes,1255,425,Poor
13.103952,80.078652,Burglary,2,3,Fair,High,No,1322,181,Good
13.086566,80.012405,Burglary,10,5,Good,High,Yes,1785,132,Good
13.00288,80.239793,Burglary,2,5,Poor,Medium,No,871,925,Poor
13.009774,80.177264,Vandalism,6,9,Poor,Medium,Yes,1371,473,Fair
13.023389,80.15764,Theft,8,4,Poor,Low,Yes,250,392,Poor
13.115039,80.186789,Assault,5,3,Poor,High,Yes,1810,285,Fair
13.020252,80.230878,Vandalism,10,2,Fair,Medium,No,869,85,Good
13.157827,80.237388,Vandalism,4,2,Poor,Medium,No,1759,182,Poor
13.18827,80.236259,Vandalism,8,1,Fair,High,Yes,989,428,Good
13.108295,80.277202,Vandalism,5,1,Fair,Medium,Yes,341,138,Fair
13.185666,80.057835,Assault,5,10,Good,High,No,295,946,Poor
13.09439,80.062089,Vandalism,5,8,Good,Medium,No,1844,137,Poor
13.065867,80.21935,Vandalism,1,8,Poor,Medium,Yes,645,979,Good
13.185741,80.052152,Assault,7,2,Poor,Medium,Yes,1178,482,Good
13.00082,80.065131,Assault,9,10,Good,Medium,No,513,434,Poor
13.014838,80.012254,Theft,4,10,Good,Medium,No,1861,678,Poor
13.014235,80.141391,Assault,6,10,Good,Medium,Yes,541,237,Fair
13.040697,80.096576,Assault,10,9,Fair,High,No,1314,444,Fair
13.007372,80.218061,Theft,6,10,Fair,Medium,No,1654,263,Poor
13.177408,80.266381,Burglary,7,7,Poor,High,Yes,1357,369,Fair
13.173075,80.10765,Assault,8,10,Fair,High,Yes,366,123,Poor
13.036775,80.022065,Vandalism,1,9,Fair,Low,No,1276,507,Poor
13.10096,80.053365,Vandalism,6,3,Poor,Medium,Yes,1445,586,Good
13.121569,80.12797,Burglary,2,3,Poor,Low,Yes,974,304,Fair
13.134804,80.188715,Burglary,5,8,Good,Medium,No,302,545,Poor
13.070689,80.17985,Theft,7,2,Poor,High,No,136,474,Fair
13.07329,80.099888,Burglary,9,5,Poor,Low,Yes,960,899,Poor
13.146577,80.051741,Burglary,3,6,Poor,High,No,1544,764,Fair
13.054252,80.060179,Assault,7,9,Good,High,No,1625,68,Poor
13.007193,80.272639,Assault,3,1,Poor,High,No,794,560,Fair
13.107925,80.210657,Burglary,4,3,Poor,Medium,No,1981,263,Good
13.140837,80.057183,Assault,5,2,Fair,Low,No,1395,174,Fair
13.057109,80.194516,Assault,6,6,Good,Medium,No,934,345,Good
13.01068,80.077765,Assault,5,10,Poor,Low,No,1444,105,Fair
13.008213,80.034551,Burglary,2,3,Fair,Medium,No,1132,51,Poor
13.046531,80.009479,Burglary,8,7,Poor,High,No,1282,768,Poor
13.031614,80.157206,Burglary,2,5,Poor,High,Yes,244,592,Poor
13.018629,80.035203,Theft,1,6,Poor,High,Yes,770,558,Good
13.158757,80.067792,Burglary,1,4,Poor,Low,No,1018,211,Good
13.081542,80.094867,Burglary,7,5,Fair,Low,Yes,1564,482,Poor
13.132813,80.256129,Burglary,8,10,Good,High,Yes,1241,267,Good
13.136606,80.098054,Assault,9,8,Fair,High,No,1925,362,Fair
13.167355,80.235595,Vandalism,9,10,Fair,Medium,Yes,1741,119,Good
13.119637,80.107283,Assault,7,1,Fair,Low,Yes,314,850,Good
13.175556,80.18458,Theft,2,1,Fair,Low,Yes,554,70,Good
13.022853,80.13715,Assault,8,8,Good,Medium,No,732,714,Poor
13.10277,80.108208,Vandalism,8,7,Fair,High,No,1870,193,Fair
13.043905,80.077487,Vandalism,9,5,Fair,High,Yes,616,650,Fair
13.189261,80.111407,Vandalism,6,10,Good,Medium,Yes,701,63,Good
13.147687,80.077827,Vandalism,4,6,Fair,High,No,539,102,Fair
13.156823,80.249843,Theft,5,2,Good,Medium,No,943,630,Good
13.030595,80.023784,Assault,5,7,Fair,Low,Yes,480,326,Good
13.161158,80.247811,Vandalism,3,9,Poor,Medium,No,984,118,Good
13.05163,80.180692,Burglary,1,8,Good,High,Yes,790,206,Fair
13.159237,80.110074,Theft,3,9,Good,High,No,1758,108,Poor
13.028191,80.218756,Assault,4,7,Good,Low,No,1606,824,Fair
13.198013,80.108155,Burglary,2,2,Fair,High,No,951,528,Good
13.165363,80.140891,Assault,2,8,Fair,Low,No,1689,584,Good
13.067812,80.038885,Vandalism,10,6,Poor,Medium,No,768,323,Good
13.136582,80.106821,Theft,1,2,Fair,Medium,Yes,939,816,Poor
13.159812,80.168622,Burglary,2,1,Poor,High,Yes,642,250,Fair
13.132824,80.260065,Assault,7,8,Good,Medium,No,704,223,Poor
13.178798,80.111756,Burglary,5,10,Fair,Low,Yes,888,341,Poor
13.150725,80.058704,Burglary,7,7,Fair,Low,Yes,529,471,Good
13.021162,80.186576,Theft,5,3,Good,Medium,No,1350,62,Good
13.040587,80.232715,Burglary,7,1,Fair,Medium,No,1932,779,Fair
13.005541,80.295351,Burglary,8,5,Poor,Low,No,884,708,Fair
13.101082,80.23943,Theft,2,10,Poor,Low,No,763,127,Poor
13.099752,80.282464,Theft,1,8,Good,Medium,No,704,932,Good
13.177316,80.113921,Burglary,5,3,Good,Medium,No,1811,980,Fair
13.057767,80.060169,Theft,4,1,Poor,High,No,333,500,Poor
13.054915,80.151593,Vandalism,9,8,Fair,Low,No,1543,509,Fair
13.024051,80.23304,Theft,3,2,Fair,Medium,No,939,642,Good
13.141552,80.197267,Vandalism,2,8,Good,Medium,Yes,229,824,Fair
13.033502,80.102712,Assault,3,6,Good,Medium,Yes,744,959,Poor
13.141248,80.117142,Vandalism,5,1,Fair,Medium,No,1388,497,Fair
13.188832,80.072705,Theft,9,5,Good,Medium,No,826,632,Good
13.149301,80.230218,Burglary,9,7,Fair,Medium,No,936,475,Good
13.060133,80.047802,Vandalism,5,4,Good,Medium,Yes,480,205,Good
13.132335,80.22473,Burglary,4,3,Good,Low,No,167,734,Good
13.144822,80.185713,Assault,8,2,Fair,Medium,Yes,215,950,Poor
13.040999,80.182907,Assault,5,9,Good,Low,Yes,458,743,Good
13.16466,80.028781,Theft,9,5,Fair,Low,Yes,223,280,Poor
13.130633,80.111038,Burglary,6,3,Good,High,No,1301,676,Poor
13.158234,80.056874,Vandalism,5,1,Poor,Medium,Yes,1311,615,Poor
13.178496,80.065696,Assault,1,4,Good,High,No,790,531,Poor
13.001986,80.151537,Burglary,7,7,Good,Medium,Yes,1964,603,Fair
13.034482,80.219293,Burglary,6,7,Fair,Medium,Yes,1502,581,Fair
13.087543,80.153034,Burglary,9,6,Good,Medium,No,1581,69,Poor
13.192237,80.23299,Assault,6,9,Poor,High,Yes,1368,250,Fair
13.178701,80.219696,Burglary,3,3,Good,High,Yes,1973,133,Poor
13.191336,80.219777,Theft,4,5,Fair,Medium,Yes,1272,655,Fair
13.199421,80.17125,Burglary,6,7,Poor,Low,Yes,1895,127,Poor
13.094083,80.005911,Theft,4,8,Good,Medium,Yes,1053,396,Poor
13.167039,80.069042,Theft,7,6,Good,Medium,No,1773,407,Fair
13.05566,80.001607,Theft,6,7,Good,High,Yes,1903,611,Fair
13.075683,80.174444,Assault,1,8,Fair,High,No,568,651,Poor
13.180393,80.183016,Theft,2,2,Good,High,Yes,1216,604,Good
13.078175,80.108414,Assault,4,1,Good,Medium,Yes,1775,417,Fair
13.17949,80.215697,Burglary,9,9,Good,Medium,Yes,694,473,Good
13.055083,80.079801,Burglary,9,4,Poor,Medium,No,395,302,Fair
13.169698,80.238275,Vandalism,6,10,Good,High,Yes,175,815,Good
13.075266,80.101773,Theft,3,3,Poor,Low,No,1454,285,Fair
13.131429,80.220446,Theft,1,7,Fair,Low,No,879,925,Good
13.163696,80.196836,Assault,8,4,Poor,High,Yes,720,288,Fair
13.010515,80.10833,Theft,5,2,Fair,High,Yes,100,168,Poor
13.167108,80.06859,Assault,6,5,Good,Low,Yes,403,181,Good
13.043,80.003697,Burglary,6,6,Good,High,No,249,799,Good
13.17145,80.262763,Vandalism,8,10,Fair,Low,No,560,187,Good
13.083029,80.03121,Vandalism,4,1,Poor,Medium,No,169,733,Fair
13.081605,80.045607,Burglary,8,4,Fair,High,Yes,621,314,Good
13.1361,80.14138,Theft,9,5,Fair,Low,No,1751,320,Poor
13.163693,80.117821,Theft,10,5,Poor,High,No,1897,908,Good
13.189728,80.155544,Burglary,2,8,Poor,Low,No,1310,142,Fair
13.146499,80.089358,Assault,5,1,Good,Medium,Yes,474,540,Fair
13.084782,80.070311,Burglary,4,2,Good,High,Yes,323,585,Poor
13.171969,80.057223,Assault,2,3,Fair,High,No,596,745,Good
13.022511,80.226942,Assault,7,6,Good,Low,Yes,944,588,Good
13.009106,80.025188,Assault,1,7,Fair,High,Yes,418,929,Fair
13.114885,80.007168,Assault,4,2,Poor,Low,Yes,560,926,Good
13.062643,80.296049,Theft,9,7,Fair,High,No,1162,914,Poor
13.043874,80.129729,Theft,9,2,Good,High,No,973,955,Poor
13.058214,80.273334,Burglary,9,3,Good,Medium,Yes,135,669,Good
13.008825,80.050393,Assault,5,3,Poor,Low,Yes,397,405,Fair
13.143775,80.008074,Vandalism,10,6,Fair,Low,No,218,170,Good
13.186319,80.271242,Burglary,7,4,Poor,High,Yes,1974,988,Good
13.029525,80.087481,Theft,4,4,Fair,Medium,No,1035,828,Good
13.003712,80.128886,Assault,8,3,Good,Low,No,1111,940,Fair
13.196545,80.171228,Assault,7,6,Good,Medium,No,882,736,Poor
13.18618,80.019577,Burglary,5,10,Good,Low,No,764,801,Fair
13.00071,80.163688,Vandalism,6,8,Fair,Medium,Yes,1100,556,Fair
13.081617,80.016177,Vandalism,2,4,Poor,High,No,1324,966,Poor
13.015992,80.059665,Theft,6,5,Good,Medium,No,517,97,Good
13.068613,80.052602,Assault,4,2,Poor,Medium,No,1931,830,Poor
13.045533,80.124036,Burglary,6,1,Good,Medium,No,1925,391,Poor
13.044531,80.162532,Burglary,5,6,Good,High,No,890,286,Good
13.01717,80.132182,Theft,8,2,Good,Medium,No,707,540,Good
13.057014,80.015896,Burglary,7,10,Poor,High,No,223,535,Poor
13.004951,80.132971,Vandalism,4,6,Fair,Medium,No,1575,732,Fair
13.048697,80.013052,Vandalism,2,3,Good,Low,No,925,72,Fair
13.077139,80.20111,Theft,5,3,Fair,Medium,Yes,1725,964,Fair
13.017463,80.20434,Assault,8,8,Poor,Low,No,1462,807,Good
13.071995,80.215403,Assault,2,9,Fair,Medium,Yes,556,375,Poor
13.067458,80.161613,Theft,9,2,Fair,Medium,Yes,235,275,Poor
13.178542,80.196019,Theft,6,3,Fair,High,No,1390,381,Fair
13.108414,80.169302,Assault,8,7,Fair,Medium,No,1214,737,Good
13.102006,80.221567,Theft,4,5,Poor,Low,Yes,1290,652,Poor
13.103467,80.204817,Theft,3,5,Fair,High,Yes,287,782,Fair
13.177786,80.28693,Assault,9,10,Poor,Medium,No,650,70,Fair
13.029635,80.125209,Vandalism,1,5,Poor,Medium,No,1310,106,Fair
13.042924,80.290244,Assault,9,3,Fair,Low,Yes,1216,374,Fair
13.072396,80.165482,Vandalism,2,7,Good,High,Yes,560,129,Poor
13.075346,80.205513,Burglary,10,1,Good,Low,Yes,413,148,Poor
13.167758,80.292708,Burglary,9,8,Poor,Low,Yes,1642,309,Fair
13.025688,80.199612,Vandalism,9,2,Poor,High,No,334,796,Fair
13.19046,80.134833,Theft,9,8,Good,Medium,No,252,954,Fair
13.171717,80.239076,Theft,3,8,Fair,Medium,No,1386,317,Good
13.125244,80.080308,Vandalism,9,7,Poor,High,No,1280,627,Poor
13.057931,80.041797,Vandalism,5,8,Fair,High,No,631,739,Poor
13.071459,80.25966,Assault,5,7,Poor,High,Yes,1048,281,Fair
13.021243,80.118263,Assault,1,1,Poor,Medium,Yes,1378,649,Poor
13.113302,80.104532,Assault,7,3,Fair,High,Yes,787,291,Poor
13.154225,80.253854,Assault,10,2,Good,High,Yes,1550,477,Good
13.140398,80.02782,Burglary,1,1,Fair,Medium,No,1180,787,Good
13.001902,80.057946,Theft,6,10,Fair,Medium,Yes,703,953,Poor
13.115315,80.017999,Theft,4,9,Good,Medium,No,669,808,Fair
13.034013,80.121599,Assault,9,2,Good,High,No,1386,277,Good
13.045819,80.142386,Vandalism,2,9,Poor,High,Yes,1466,448,Good
13.13805,80.212592,Vandalism,6,8,Fair,Low,Yes,464,345,Poor
13.062043,80.191046,Burglary,8,7,Fair,High,No,1295,285,Fair
13.171782,80.120423,Burglary,4,5,Fair,High,Yes,1059,392,Good
13.066145,80.073962,Assault,4,10,Fair,High,Yes,1136,186,Good
13.109608,80.286756,Vandalism,6,5,Good,Low,No,523,439,Poor
13.113261,80.244169,Theft,10,2,Fair,High,Yes,1297,753,Good
13.087619,80.10971,Assault,2,5,Good,High,Yes,1587,956,Good
13.159935,80.200123,Vandalism,6,8,Fair,Low,Yes,1406,839,Poor
13.160203,80.160485,Vandalism,4,6,Poor,Low,Yes,420,975,Fair
13.119045,80.000643,Burglary,6,1,Fair,Low,No,1381,941,Good
13.058421,80.299921,Burglary,7,3,Fair,High,No,954,569,Fair
13.059958,80.084677,Assault,2,8,Good,High,No,359,735,Good
13.081349,80.154111,Theft,10,7,Good,High,Yes,425,304,Good
13.134347,80.176913,Burglary,9,2,Poor,Medium,No,1794,797,Good
13.080703,80.207297,Theft,9,5,Good,High,Yes,1939,820,Good
13.188737,80.258456,Theft,8,7,Good,High,Yes,1542,525,Fair
13.111749,80.181277,Burglary,3,7,Fair,Low,No,1459,833,Good
13.188828,80.199692,Vandalism,3,2,Good,Medium,No,753,122,Good
13.058874,80.082709,Assault,5,2,Fair,Medium,Yes,1827,614,Good
13.016339,80.037821,Assault,5,3,Good,Low,No,471,580,Good
13.170947,80.0156,Theft,2,4,Poor,Medium,Yes,1770,442,Fair
13.069636,80.190868,Assault,3,4,Poor,Low,Yes,1801,205,Poor
13.087447,80.233897,Vandalism,10,2,Good,Low,No,1640,52,Poor
13.179028,80.214882,Assault,9,3,Poor,Low,Yes,230,324,Fair
13.125988,80.032323,Assault,5,8,Good,Medium,Yes,823,540,Poor
13.008579,80.091517,Vandalism,4,8,Fair,Medium,Yes,339,564,Fair
13.142102,80.160866,Burglary,5,3,Fair,Medium,No,109,967,Good
13.161563,80.216438,Assault,1,7,Poor,Low,Yes,530,446,Fair
13.115125,80.156007,Theft,2,5,Good,High,No,349,769,Poor
13.098091,80.048817,Burglary,5,5,Good,Low,No,425,369,Good
13.015887,80.234005,Vandalism,4,7,Fair,Low,No,1378,392,Fair
13.027402,80.220048,Assault,3,5,Good,Low,No,1282,533,Poor
13.018129,80.176283,Theft,10,8,Fair,Medium,No,1780,213,Fair
13.035679,80.08214,Theft,10,9,Good,Low,No,1525,178,Poor
13.011768,80.146253,Burglary,8,8,Poor,High,No,1821,705,Good
13.017883,80.056903,Vandalism,6,3,Poor,Medium,No,1024,496,Fair
13.13739,80.259954,Assault,10,8,Poor,Low,Yes,1553,844,Poor
13.006872,80.170817,Vandalism,4,6,Good,High,No,183,936,Fair
13.097702,80.174484,Assault,6,4,Poor,High,No,826,364,Good
13.071059,80.191429,Vandalism,2,9,Poor,Low,No,585,589,Good
13.181473,80.299357,Burglary,10,9,Good,Low,No,993,892,Poor
13.118114,80.289958,Burglary,6,10,Poor,Low,Yes,1872,839,Fair
13.122445,80.244335,Assault,8,5,Fair,Low,Yes,144,742,Good
13.158828,80.157526,Vandalism,2,3,Fair,High,No,595,651,Poor
13.197842,80.004621,Vandalism,10,4,Fair,Medium,Yes,859,512,Poor
13.153715,80.144859,Assault,10,8,Fair,Medium,Yes,1134,165,Good
13.123044,80.281485,Theft,4,4,Poor,High,No,169,740,Poor
13.004777,80.199792,Burglary,8,8,Good,Medium,Yes,990,784,Poor
13.02342,80.203292,Burglary,7,6,Poor,Low,Yes,1755,226,Poor
13.181196,80.272436,Burglary,7,6,Good,Low,No,997,837,Poor
13.060526,80.002651,Vandalism,2,2,Poor,Medium,Yes,1696,900,Poor
13.168634,80.044978,Burglary,5,2,Good,High,Yes,986,810,Poor
13.063002,80.085443,Vandalism,10,10,Good,Low,No,379,590,Poor
13.150699,80.00463,Burglary,10,10,Poor,High,No,253,265,Good
13.162309,80.141262,Vandalism,2,4,Poor,Medium,Yes,659,915,Good
13.064023,80.09129,Theft,8,9,Good,Low,No,1261,485,Poor
13.125072,80.299729,Assault,9,1,Poor,Medium,No,1659,836,Fair
13.095835,80.25891,Assault,3,6,Good,High,Yes,1729,747,Poor
13.089607,80.046543,Assault,9,10,Poor,Medium,Yes,138,266,Fair
13.106407,80.152407,Vandalism,3,3,Fair,Low,Yes,263,221,Good
13.015873,80.25814,Vandalism,10,7,Fair,Low,No,1474,427,Good
13.100961,80.266675,Assault,4,2,Fair,Low,No,1665,449,Fair
13.098038,80.238316,Vandalism,8,10,Poor,Low,No,292,482,Good
13.168898,80.073204,Burglary,6,4,Good,Low,Yes,481,827,Poor
13.121978,80.193819,Vandalism,8,7,Good,Low,No,1042,242,Poor
13.190808,80.004767,Burglary,7,1,Poor,High,No,322,395,Fair
13.187741,80.261636,Theft,8,4,Poor,Medium,Yes,992,95,Poor
13.026443,80.150477,Theft,4,5,Poor,High,No,1391,443,Good
13.043367,80.037439,Vandalism,2,1,Good,Medium,Yes,1844,144,Fair
13.134738,80.056061,Vandalism,2,4,Fair,Medium,Yes,1438,977,Good
13.029503,80.012866,Vandalism,8,7,Good,High,No,108,692,Fair
13.154043,80.158205,Vandalism,5,3,Poor,Medium,No,1244,781,Fair
13.033585,80.087549,Assault,5,7,Poor,High,Yes,562,464,Fair
13.050204,80.070058,Burglary,1,9,Fair,High,No,1113,473,Poor
13.038743,80.250088,Assault,3,8,Good,Low,No,397,261,Fair
13.147507,80.202578,Vandalism,8,6,Poor,Low,No,659,726,Good
13.195241,80.270755,Burglary,8,6,Good,Medium,No,686,840,Good
13.143889,80.096538,Assault,1,9,Fair,Low,Yes,347,526,Good
13.126805,80.151735,Assault,10,3,Poor,High,No,178,148,Good
13.083986,80.134848,Vandalism,8,8,Fair,Medium,Yes,1059,855,Poor
13.189656,80.190636,Burglary,3,3,Poor,Medium,No,325,320,Fair
13.000981,80.238099,Theft,5,9,Fair,Low,Yes,1144,594,Good
13.159502,80.157959,Theft,9,2,Fair,Medium,Yes,1271,865,Fair
13.018298,80.020232,Burglary,7,4,Good,Medium,Yes,1763,58,Fair
13.014643,80.287537,Theft,1,2,Poor,High,Yes,1065,151,Poor
13.070644,80.149521,Vandalism,3,5,Fair,Medium,Yes,1775,686,Fair
13.054568,80.113665,Burglary,6,3,Good,High,No,1356,693,Good
13.034984,80.25841,Theft,4,3,Poor,Low,No,773,978,Good
13.184734,80.021471,Burglary,1,1,Good,Low,Yes,813,744,Good
13.163119,80.232828,Vandalism,4,9,Poor,High,Yes,1045,702,Good
13.149796,80.283905,Vandalism,3,1,Good,Medium,No,1610,472,Fair
13.013504,80.121213,Burglary,5,6,Fair,Medium,No,1866,175,Fair
13.086599,80.078941,Burglary,3,8,Good,High,No,1956,161,Poor
13.177934,80.142916,Vandalism,10,8,Fair,Medium,Yes,1943,524,Good
13.120657,80.107979,Theft,3,10,Fair,Low,No,1970,528,Good
13.085361,80.142087,Vandalism,5,3,Good,Low,Yes,1015,600,Fair
13.156348,80.019444,Vandalism,5,9,Fair,High,Yes,1253,470,Poor
13.163578,80.195999,Vandalism,8,9,Fair,Low,Yes,131,982,Fair
13.055771,80.253636,Burglary,2,9,Poor,Low,No,1048,750,Fair
13.100568,80.124668,Assault,3,1,Fair,Low,Yes,272,420,Fair
13.119434,80.016239,Theft,6,3,Fair,Medium,No,1725,754,Fair
13.130094,80.023107,Vandalism,7,5,Poor,Low,No,260,601,Poor
13.146696,80.103393,Theft,8,8,Poor,High,No,1180,604,Poor
13.128727,80.014045,Burglary,4,4,Poor,High,No,981,653,Poor
13.169481,80.02636,Assault,8,3,Fair,High,Yes,1208,110,Good
13.137094,80.276725,Theft,1,8,Fair,High,No,446,841,Poor
13.093775,80.240168,Burglary,8,6,Good,Medium,No,1316,646,Fair
13.184908,80.09105,Burglary,2,6,Good,Medium,Yes,737,680,Good
13.027071,80.179079,Theft,3,6,Poor,Low,No,1942,589,Good
13.038909,80.120842,Theft,1,6,Poor,Low,No,1232,531,Good
13.105896,80.267437,Burglary,6,10,Good,Medium,Yes,1963,969,Poor
13.195619,80.127558,Theft,1,2,Good,Low,Yes,423,83,Good
13.180642,80.217288,Burglary,10,9,Poor,Low,Yes,1827,145,Fair
13.017295,80.020823,Theft,8,8,Good,Medium,Yes,364,564,Fair
13.00146,80.060415,Theft,3,5,Poor,High,No,863,133,Poor
13.053664,80.201543,Vandalism,9,6,Good,High,No,1245,409,Fair
13.023845,80.092756,Burglary,9,9,Fair,High,Yes,635,453,Poor
13.185544,80.090393,Theft,7,8,Fair,Medium,No,311,628,Fair
13.015804,80.245022,Theft,6,1,Good,Low,No,1630,878,Fair
13.031471,80.242048,Vandalism,6,3,Poor,Low,No,1944,50,Poor
13.184415,80.067296,Theft,4,7,Good,Low,Yes,109,515,Good
13.023361,80.295621,Vandalism,2,2,Poor,Medium,Yes,1964,910,Poor
13.048222,80.061148,Assault,2,5,Poor,Low,Yes,1999,372,Poor
13.066653,80.18502,Burglary,6,5,Good,Low,No,421,1000,Good
13.063122,80.249258,Theft,2,3,Good,Low,No,1494,511,Poor
13.005163,80.209611,Assault,6,5,Good,Medium,No,464,973,Poor
13.126778,80.19684,Theft,2,8,Fair,Low,Yes,714,436,Good
13.023514,80.129884,Assault,3,7,Poor,Medium,No,1525,882,Fair
13.15889,80.221703,Burglary,10,5,Poor,Low,No,457,844,Good
13.162135,80.219721,Assault,9,3,Poor,High,Yes,908,693,Good
13.030509,80.067839,Burglary,5,3,Poor,High,Yes,138,730,Fair
13.012391,80.297877,Vandalism,5,7,Poor,Low,No,1320,812,Fair
13.17038,80.126963,Assault,8,2,Good,High,Yes,287,433,Poor
13.074111,80.255273,Burglary,7,6,Poor,Medium,No,268,653,Good
13.087832,80.292051,Assault,6,9,Good,High,No,280,853,Fair
13.13766,80.151526,Vandalism,5,2,Poor,Low,Yes,301,841,Good
13.172281,80.21322,Burglary,7,5,Good,Medium,Yes,146,126,Fair
13.17673,80.073883,Vandalism,5,1,Good,High,Yes,519,543,Fair
13.032575,80.187178,Vandalism,10,4,Poor,High,No,380,947,Fair
13.026261,80.296255,Assault,5,6,Poor,High,Yes,469,261,Good
13.065305,80.078653,Vandalism,2,8,Fair,Low,Yes,1585,179,Good
13.182818,80.08093,Vandalism,5,5,Poor,High,Yes,1879,564,Good
13.043998,80.003333,Vandalism,9,2,Fair,High,No,922,799,Good
13.037996,80.198309,Vandalism,9,2,Good,Low,Yes,522,117,Good
13.09629,80.016493,Vandalism,10,5,Poor,Low,No,1228,839,Poor
13.139348,80.074232,Vandalism,5,4,Fair,Medium,Yes,1212,96,Poor
13.155536,80.075084,Theft,9,8,Fair,High,Yes,1344,312,Poor
13.013578,80.188117,Theft,7,5,Good,Medium,No,717,962,Poor
13.069693,80.18966,Theft,7,9,Good,Medium,No,182,257,Fair
13.185151,80.220021,Theft,6,9,Poor,Low,No,1819,483,Good
13.149561,80.26548,Assault,2,9,Fair,Medium,No,1773,236,Fair
13.057503,80.062266,Assault,2,7,Poor,Medium,No,791,560,Poor
13.192514,80.216087,Vandalism,3,8,Fair,Low,Yes,1975,314,Good
13.049685,80.043938,Vandalism,4,1,Poor,Medium,Yes,964,174,Poor
13.185529,80.271185,Theft,10,6,Fair,High,Yes,745,435,Poor
13.039235,80.192908,Theft,1,3,Fair,Medium,Yes,697,767,Poor
13.062798,80.001779,Burglary,10,5,Good,High,Yes,1044,443,Fair
13.124183,80.079457,Theft,5,5,Poor,High,No,1692,819,Good
13.18191,80.266626,Vandalism,9,8,Poor,Medium,Yes,1924,359,Poor
13.174277,80.279193,Vandalism,9,10,Good,Medium,Yes,341,706,Fair
13.033572,80.034326,Theft,6,9,Fair,High,Yes,531,798,Good
13.141547,80.21907,Assault,8,1,Poor,Medium,Yes,1617,415,Good
13.054439,80.076891,Assault,10,3,Poor,Medium,No,135,949,Good
13.083955,80.143868,Burglary,6,5,Poor,Medium,No,449,129,Poor
13.17351,80.209387,Burglary,7,9,Poor,High,No,1720,528,Fair
13.126699,80.201064,Theft,2,6,Poor,Medium,No,978,121,Good
13.118107,80.243736,Theft,6,4,Fair,Low,No,479,325,Fair
13.063199,80.104026,Burglary,8,5,Poor,Medium,No,552,358,Good
13.186311,80.157715,Burglary,4,4,Good,Medium,No,522,322,Good
13.047907,80.097823,Vandalism,9,4,Good,Low,Yes,1992,236,Good
13.190073,80.061958,Vandalism,7,8,Good,Medium,Yes,381,800,Fair
13.02118,80.161659,Burglary,3,10,Good,High,No,539,427,Poor
13.145234,80.295004,Assault,4,2,Fair,High,Yes,365,326,Good
13.173897,80.13584,Assault,2,1,Poor,Low,No,1452,758,Good
13.150205,80.128854,Burglary,10,5,Good,Low,Yes,214,309,Poor
13.023558,80.294778,Assault,2,2,Poor,High,No,155,302,Good
13.036431,80.081763,Vandalism,4,1,Good,High,Yes,1345,1000,Poor
13.117917,80.125928,Assault,3,5,Good,Low,No,750,127,Good
13.175923,80.246303,Theft,4,2,Fair,Low,No,763,706,Fair
13.135909,80.086464,Burglary,7,3,Poor,Low,No,449,236,Good
13.067133,80.129893,Assault,8,3,Fair,Medium,No,850,76,Fair
13.066846,80.125857,Vandalism,10,5,Poor,Low,Yes,1686,464,Poor
13.047529,80.197446,Vandalism,10,3,Good,Medium,No,1613,166,Poor
13.181094,80.169455,Vandalism,5,10,Good,Medium,Yes,1021,309,Poor
